epoch,training_loss,training_lane_loss,training_instance_loss,training_drivable_loss,val_loss,val_lane_loss,val_instance_loss,val_drivable_loss
0,1.014477269674735,0.27481069668102515,0.7396665761079738,0.0,0.6406720727682114,0.1424384005367756,0.4982336685061455,0.0
1,0.49113328589333427,0.11098457809793887,0.3801487067704478,0.0,0.4340842738747597,0.10288240760564804,0.33120186254382133,0.0
2,0.36738793134058595,0.0909057737342895,0.27648215729092795,0.0,0.3616943061351776,0.08944339491426945,0.2722509130835533,0.0
3,0.306546699669626,0.08096192509093612,0.22558477513058475,0.0,0.3134928084909916,0.08306080754846334,0.23043199814856052,0.0
4,0.2653996349957885,0.07454683328116382,0.19085280234536167,0.0,0.27096446231007576,0.07675294298678637,0.19421151466667652,0.0
